DROP TABLE TRANSAKSI_103122400046 CASCADE CONSTRAINTS;
DROP TABLE INVENTORI_103122400046 CASCADE CONSTRAINTS;
DROP TABLE JADWAL_103122400046 CASCADE CONSTRAINTS;
DROP TABLE MEMBER_103122400046 CASCADE CONSTRAINTS;
DROP TABLE FILM_103122400046 CASCADE CONSTRAINTS;
DROP TABLE THEATER_103122400046 CASCADE CONSTRAINTS;

-- FILM
CREATE TABLE FILM_103122400046 (
  ID_FILM CHAR(5) PRIMARY KEY,
  JUDUL VARCHAR2(100),
  DESKRIPSI VARCHAR2(1000),
  TAHUN VARCHAR2(4),
  DURASI NUMBER
);

-- MEMBER
CREATE TABLE MEMBER_103122400046 (
  ID_MEMBER CHAR(6) PRIMARY KEY,
  NAMA VARCHAR2(100),
  NO_HP VARCHAR2(20),
  EMAIL VARCHAR2(50),
  TGL_LAHIR DATE
);

-- THEATER
CREATE TABLE THEATER_103122400046 (
  ID_THEATER VARCHAR2(20) PRIMARY KEY,
  KELAS VARCHAR2(20),
  HARGA NUMBER,
  KAPASITAS NUMBER
);

-- JADWAL
CREATE TABLE JADWAL_103122400046 (
  ID_JADWAL CHAR(5) PRIMARY KEY,
  ID_FILM CHAR(5),
  ID_THEATER VARCHAR2(20),
  PERIODE_START DATE,
  PERIODE_END DATE
);

-- INVENTORI
CREATE TABLE INVENTORI_103122400046 (
  ID_INVENTORI CHAR(6) PRIMARY KEY,
  ID_THEATER VARCHAR2(20),
  NOMOR_KURSI VARCHAR2(5)
);

-- TRANSAKSI
CREATE TABLE TRANSAKSI_103122400046 (
  KODE_PEMESANAN CHAR(6) PRIMARY KEY,
  ID_MEMBER CHAR(6),
  ID_JADWAL CHAR(5),
  ID_INVENTORI CHAR(6),
  TANGGAL DATE,
  STATUS VARCHAR2(20)
);

ALTER TABLE JADWAL_103122400046 
ADD FOREIGN KEY (ID_FILM) REFERENCES FILM_103122400046(ID_FILM);

ALTER TABLE JADWAL_103122400046
ADD FOREIGN KEY (ID_THEATER) REFERENCES THEATER_103122400046(ID_THEATER);

ALTER TABLE INVENTORI_103122400046 
ADD FOREIGN KEY (ID_THEATER) REFERENCES THEATER_103122400046(ID_THEATER);

ALTER TABLE TRANSAKSI_103122400046
ADD FOREIGN KEY (ID_MEMBER) REFERENCES MEMBER_103122400046(ID_MEMBER);

ALTER TABLE TRANSAKSI_103122400046 
ADD FOREIGN KEY (ID_JADWAL) REFERENCES JADWAL_103122400046(ID_JADWAL);

ALTER TABLE TRANSAKSI_103122400046 
ADD FOREIGN KEY (ID_INVENTORI) REFERENCES INVENTORI_103122400046(ID_INVENTORI);

-- FILM
INSERT INTO FILM_103122400046 VALUES ('F0101','Keluarga Cemara','-', '2019',110);
INSERT INTO FILM_103122400046 VALUES ('F0102','Habibie Ainun 3','-', '2019',96);
INSERT INTO FILM_103122400046 VALUES ('F0103','Taufiq','-', '2019',105);

-- MEMBER
INSERT INTO MEMBER_103122400046 VALUES ('MM0111','Anto','08','a@gmail.com',DATE '1989-07-21');
INSERT INTO MEMBER_103122400046 VALUES ('MM0112','Budi','08','b@gmail.com',DATE '1995-01-03');

-- THEATER
INSERT INTO THEATER_103122400046 VALUES ('Teater 1','Reguler',30000,50);
INSERT INTO THEATER_103122400046 VALUES ('Teater 2','Sweetbox',100000,50);

-- JADWAL
INSERT INTO JADWAL_103122400046 VALUES ('JT001','F0101','Teater 1',SYSDATE,SYSDATE);
INSERT INTO JADWAL_103122400046 VALUES ('JT002','F0102','Teater 1',SYSDATE,SYSDATE);
INSERT INTO JADWAL_103122400046 VALUES ('JT003','F0102','Teater 2',SYSDATE,SYSDATE);

-- INVENTORI
INSERT INTO INVENTORI_103122400046 VALUES ('IN1001','Teater 1','A1');
INSERT INTO INVENTORI_103122400046 VALUES ('IN1002','Teater 2','A2');

-- TRANSAKSI
INSERT INTO TRANSAKSI_103122400046 VALUES ('P10001','MM0111','JT002','IN1001',SYSDATE,'pesan');
INSERT INTO TRANSAKSI_103122400046 VALUES ('P10002','MM0112','JT002','IN1002',SYSDATE,'pesan');
INSERT INTO TRANSAKSI_103122400046 VALUES ('P10003','MM0111','JT003','IN1002',SYSDATE,'pesan');

UPDATE FILM_103122400046 f
SET KETERANGAN = (
    SELECT 
        'Film ' || f.JUDUL || 
        ' adalah film dengan durasi terpendek yaitu ' || f.DURASI || 
        ' menit, yang ditonton dengan umur termuda, yaitu ' ||
        MIN(TRUNC(MONTHS_BETWEEN(t.TANGGAL, m.TGL_LAHIR) / 12)) || ' tahun'
    FROM JADWAL_103122400046 j
    JOIN TRANSAKSI_103122400046 t ON j.ID_JADWAL = t.ID_JADWAL
    JOIN MEMBER_103122400046 m ON t.ID_MEMBER = m.ID_MEMBER
    WHERE f.ID_FILM = j.ID_FILM
      AND f.ID_FILM = 'F0102'
)
WHERE f.ID_FILM = 'F0102';

SELECT KETERANGAN 
FROM FILM_103122400046
WHERE ID_FILM = 'F0102';

UPDATE THEATER_103122400046 th
SET TOTAL_PEMAKAIAN = (
    SELECT COUNT(*)
    FROM TRANSAKSI_103122400046 t
    JOIN JADWAL_103122400046 j 
        ON t.ID_JADWAL = j.ID_JADWAL
    WHERE j.ID_THEATER = th.ID_THEATER
)
WHERE th.ID_THEATER = 'Teater 1';

SELECT ID_THEATER AS NOMOR_TEATER, KELAS, TOTAL_PEMAKAIAN
FROM THEATER_103122400046
WHERE ID_THEATER = 'Teater 1';

UPDATE THEATER_103122400046
SET TOTAL_PEMAKAIAN = 5
WHERE ID_THEATER = 'Teater 1';

